{
	"version": 1,
	"changelists": [
		{
			"guid": "00000000000000000000000000000000",
			"description": "Default Uncontrolled Changelist",
			"files": [
				"C:/Users/Xixiang Liu (Oscar)/Desktop/CS 415/MP1/InfiniteMatrixStarterProject/InfiniteMatrixStarter/Content/InfiniteMatrix/Blueprints/BP_Player.uasset",
				"C:/Users/Xixiang Liu (Oscar)/Desktop/CS 415/MP1/InfiniteMatrixStarterProject/InfiniteMatrixStarter/Content/InfiniteMatrix/Maps/TutorialMap.umap",
				"C:/Users/Xixiang Liu (Oscar)/Desktop/CS 415/MP1/InfiniteMatrixStarterProject/InfiniteMatrixStarter/Content/InfiniteMatrix/Blueprints/BP_TunnelSpawner.uasset",
				"C:/Users/Xixiang Liu (Oscar)/Desktop/CS 415/MP1/InfiniteMatrixStarterProject/InfiniteMatrixStarter/Content/InfiniteMatrix/Blueprints/BP_Tunnel.uasset",
				"C:/Users/Xixiang Liu (Oscar)/Desktop/CS 415/MP1/InfiniteMatrixStarterProject/InfiniteMatrixStarter/Content/InfiniteMatrix/UI/WBP_Restart.uasset",
				"C:/Users/Xixiang Liu (Oscar)/Desktop/CS 415/MP1/InfiniteMatrixStarterProject/InfiniteMatrixStarter/Content/InfiniteMatrix/UI/WBP_interface.uasset",
				"C:/Users/Xixiang Liu (Oscar)/Desktop/CS 415/MP1/InfiniteMatrixStarterProject/InfiniteMatrixStarter/Content/InfiniteMatrix/Materials/NewMaterial.uasset",
				"C:/Users/Xixiang Liu (Oscar)/Desktop/CS 415/MP1/InfiniteMatrixStarterProject/InfiniteMatrixStarter/Content/InfiniteMatrix/Blueprints/HealthPack.uasset",
				"C:/Users/Xixiang Liu (Oscar)/Desktop/CS 415/MP1/InfiniteMatrixStarterProject/InfiniteMatrixStarter/Content/InfiniteMatrix/Materials/White.uasset",
				"C:/Users/Xixiang Liu (Oscar)/Desktop/CS 415/MP1/InfiniteMatrixStarterProject/InfiniteMatrixStarter/Content/InfiniteMatrix/Blueprints/Enemy.uasset",
				"C:/Users/Xixiang Liu (Oscar)/Desktop/CS 415/MP1/InfiniteMatrixStarterProject/InfiniteMatrixStarter/Content/InfiniteMatrix/Blueprints/Projectile.uasset",
				"C:/Users/Xixiang Liu (Oscar)/Desktop/CS 415/MP1/InfiniteMatrixStarterProject/InfiniteMatrixStarter/Content/InfiniteMatrix/UI/Health_Widget.uasset",
				"C:/Users/Xixiang Liu (Oscar)/Desktop/CS 415/MP1/InfiniteMatrixStarterProject/InfiniteMatrixStarter/Content/InfiniteMatrix/UI/NewWidgetBlueprint.uasset"
			]
		}
	]
}